{
  "title": "Apresentação ",
  "date": "2023-08-24T15:47:21Z",
  "thumbnail": "/img/uploads/1-aperto-de-mao.webp",
  "description": "Somos uma loja especialista em EPI, EPC, sobressalentes de segurança do trabalho e ferramentas em geral. Este espaço é reservado a você cliente parceiro no segmento  que busca fornecedor comprometido e responsavel com as melhores práticas de mercado buscando atender todas as suas demandas e necessidades.  \n\n",
  "body": "![](/img/uploads/2927-banners-site-junho-2022.gif)\n\nO﻿lá!\n\nQ﻿ue maravilha ter você por aqui!\n\nNascemos no dia 08 de outubro de 2020 em meio a um periodo impar na historia da humanidade e de nosso país, no mercado não foi diferente, enquanto a maioria tentava sobreviver, a Máxima EPI de forma desafiadora iniciava suas atividades empreendendo e aprendendo junto as adversidades  e complexidades do contexto.\n\n**Nossos produtos e diferencial**\n\nB﻿uscamos ofertar produtos de qualidade,  segurança garantida e certificada. Além de focar nos produtos, buscamos um atendimento especializado, fugindo de uma venda generica para a técnica, onde a informação precisa, fundamentada e esclarecedora a cerca de cada produto com suas finalidades e aplicabilidade está presente em nossos atendimentos além claro, de todo carisma e profissionalismo de nossa equipe.\n\n**N﻿osso mercado e nossos fornecedores**\n\nDurante e pós  pandemia a indústria tentando reduzir custos e otimizando sua produção e principalmente seus estoques, onde a maioria buscando a sobrevivência, gerencia sua logística e seus suprimentos baseados na demanda de mercado e nas necessidades de seus clientes, onde a maioria zera seus estoques, evitando assim a imobilização de capital e reduzindo prejuízos de materiais. Nesse sentido, o formato japonês “Just in time” se fez presente cada vez mais em seu sentido verdadeiro. \n\nNeste aspecto, a grande maioria de nossos produtos para venda em atacado não dispomos de estoque para entrega de imediato, trabalhamos com estoque para nossos itens do varejo, mas, para o atacado buscamos negociar com nossos parceiros prazos variando de produto para produto, onde levamos em consideração as variáveis da logística de nossos fornecedores e fabricantes. \n\n**Nossa politica de negócio**\n\nFundamentada na ética e nas melhores práticas de mercado, utilizamos varias ferramentas em nossas negociações, buscando o perfeito ajuste entre nossas necessidades e as demandas de nossos clientes parceiros, desde o formato de contrato de fornecimento, pedido de compra, formas de pagamento e prazos, preços justos e praticáveis com entregas planejadas. Estamos atentos e conectados com os principais processos comerciais e financeiros do mercado atual.\n\n**[N﻿ossos Produtos](https://maximaepis.com.br/posts/nossos-produtos)**\n\nNeste espaço apresentaremos para você como nossos produtos estão classificados e organizados em categoria. Cada parte de seu corpo requer uma proteção especifica com o EPI apropriado, desta forma nossas categorias se dão por essas divisões. Listaremos alguns de nossos produtos com uma breve descrição. \n\n![](/img/uploads/banner-para-blog-construcao-civil-fotografico-marrom-bege-e-branco.jpg \"Acesse e conheça nossos principais produtos.\")\n\n\n\n###### P﻿ara mais contatos basta acessar nossos canais abaixo, será grande a satisfação ter você  em nossa seleta e importante carta de clientes de sucesso.\n\n#### **T﻿elefone fixo:** (75)3265 2516\n\n#### **T﻿elefone c:eluar**  (75) 98195 3443\n\n###### **N﻿osso WhatsApp** [Acesse aqui](https://wa.me/557581953443)\n\nE﻿-mail: **comercial@maximaepis.com.br** ou **gerencia@maximaepis.com.br**",
  "meta_title": "",
  "meta_description": "",
  "sections": []
}