{
  "date": "",
  "title": "Trabalho em altura",
  "thumbnail": "https://ecoms1.com/2927/@v3/1656686486805-altura.png",
  "description": "O trabalho em altura envolve riscos elevados, a exposição a fatores que torna o labor muito perigoso durante a sua execução. È preciso muita pericia técnica para um trabalho seguro, as normas técnicas são complexas envolve procedimentos seguros e especificos e a escolha dos equipamentos e acessórios de segurança estão diretamente ligados a complexidade de cada atividade, alem de treinamento constante, monitoramento  e gestão eficiente com foco em segurança e custos.",
  "body": "#### Cinturão tipo paraquedista/abdominal dielétrico e anti-chamas \n\n**C﻿A 38412**\n\n![](https://www.vicsa.com.br/wp-content/uploads/2017/12/cinturao-em-aramida-trabalhos-eletricidade.jpg \"Cinturão tipo paraquedista/abdominal dielétrico e anti-chamas CA 38412\")\n\n**Descrição**\n\nCinturão de segurança tipo paraquedista/abdominal confeccionado em fita primária e secundária de aramida de 45 mm com apoio lombar, 4 pontos de ancoragem (dorsal, frontal e laterais) e fivelas em aço para regulagem, todos com revestimento dielétrico. Indicador de queda e QR code para sistema de inspeção através do app MOB INSPEÇÃO.\n\n**Aplicações**\n\n* ![](https://www.vicsa.com.br/wp-content/uploads/2017/12/beneficio-aprovado-vicsa.png)Deslocamento e restrição pela argola dorsal\n* ![](https://www.vicsa.com.br/wp-content/uploads/2017/12/beneficio-aprovado-vicsa.png)Movimentação em espaços confinados e escadas do tipo marinheiro\n* ![](https://www.vicsa.com.br/wp-content/uploads/2017/12/beneficio-aprovado-vicsa.png)Apoio lombar para trabalho posicionado\n* ![](https://www.vicsa.com.br/wp-content/uploads/2017/12/beneficio-aprovado-vicsa.png)Atividade com risco elétrico e trabalho a quente\n\n\n\n\n\n#### Cinturão tipo paraquedista/abdominal com 5 pontos de ancoragem \n\n**CA 3﻿6746** \n\n![](https://www.vicsa.com.br/wp-content/uploads/Cinturao-de-Seguranca-VIC-20.420-Site-878x1024.jpg \"Cinturão tipo paraquedista/abdominal com 5 pontos de ancoragem   CA 3﻿6746\")\n\n**Benefícios**\n\n* ![](https://www.vicsa.com.br/wp-content/uploads/2017/12/beneficio-aprovado-vicsa.png)Tamanho ajustável com regulagem total\n* ![](https://www.vicsa.com.br/wp-content/uploads/2017/12/beneficio-aprovado-vicsa.png)5 pontos de ancoragem (dorsal, frontal umbilical e laterais)\n* ![](https://www.vicsa.com.br/wp-content/uploads/2017/12/beneficio-aprovado-vicsa.png)Alças nos ombros para resgate e movimentação em espaços confinados\n* ![](https://www.vicsa.com.br/wp-content/uploads/2017/12/beneficio-aprovado-vicsa.png)Apoio lombar para trabalho posicionado\n* ![](https://www.vicsa.com.br/wp-content/uploads/2017/12/beneficio-aprovado-vicsa.png)QR code para sistema de inspeção através do app MOB INSPEÇÃO\n\n\n\n**Descrição**\n\nCinturão de segurança paraquedista/abdominal com 5 pontos de ancoragem (dorsal, frontal, umbilical e laterais), confeccionado em fita primária e secundária de poliéster de 45 mm, com apoio lombar, fivelas em aço para regulagem e QR code para sistema de inspeção através do app MOB INSPEÇÃO.\n\n**Aplicações**\n\n* ![](https://www.vicsa.com.br/wp-content/uploads/2017/12/beneficio-aprovado-vicsa.png)Deslocamento e restrição pela argola dorsal\n* ![](https://www.vicsa.com.br/wp-content/uploads/2017/12/beneficio-aprovado-vicsa.png)Movimentação, suspensão e resgate em espaços confinados e escadas do tipo marinheiro\n* ![](https://www.vicsa.com.br/wp-content/uploads/2017/12/beneficio-aprovado-vicsa.png)Apoio lombar para trabalho posicionado e acesso por corda\n\n\n\n#### Cinturão tipo paraquedista/abdominal com 4 pontos de ancoragem\n\n**C﻿A 35613**\n\n![](https://www.vicsa.com.br/wp-content/uploads/2017/10/cinto-de-seguranca-tipo-paraquedista-para-espacos-confinados-com-4-pontos-de-ancoragem-vic-20529-1024x878.jpg \"Cinturão tipo paraquedista/abdominal com 4 pontos de ancoragem  CA 35613\")\n\n**Benefícios**\n\n* ![](https://www.vicsa.com.br/wp-content/uploads/2017/12/beneficio-aprovado-vicsa.png)Tamanho ajustável com regulagem total\n* ![](https://www.vicsa.com.br/wp-content/uploads/2017/12/beneficio-aprovado-vicsa.png)Alças nos ombros para resgate e movimentação em espaços confinados\n* ![](https://www.vicsa.com.br/wp-content/uploads/2017/12/beneficio-aprovado-vicsa.png)4 pontos de ancoragem (dorsal, frontal e laterais)\n* ![](https://www.vicsa.com.br/wp-content/uploads/2017/12/beneficio-aprovado-vicsa.png)Apoio lombar para trabalho posicionado\n* ![](https://www.vicsa.com.br/wp-content/uploads/2017/12/beneficio-aprovado-vicsa.png)Indicador de queda\n* ![](https://www.vicsa.com.br/wp-content/uploads/2017/12/beneficio-aprovado-vicsa.png)QR code para sistema de inspeção através do app MOB INSPEÇÃO\n\n**Descrição**\n\nCinturão de segurança tipo paraquedista/abdominal confeccionado em fita primária e secundária de poliéster de 45 mm, com apoio lombar, 4 pontos de ancoragem (dorsal, frontal e laterais) e fivelas em aço para regulagem. Indicador de queda e QR code para sistema de inspeção através do app MOB INSPEÇÃO.\n\n**Aplicações**\n\n* ![](https://www.vicsa.com.br/wp-content/uploads/2017/12/beneficio-aprovado-vicsa.png)Deslocamento e restrição pela argola dorsal\n* ![](https://www.vicsa.com.br/wp-content/uploads/2017/12/beneficio-aprovado-vicsa.png)Movimentação em espaços confinados e escadas do tipo marinheiro\n* ![](https://www.vicsa.com.br/wp-content/uploads/2017/12/beneficio-aprovado-vicsa.png)Trabalho posicionado\n\n\n\nCinturão tipo paraquedista com 2 pontos de ancoragem CA 35614\n\n![](https://www.vicsa.com.br/wp-content/uploads/2017/10/cinto-de-seguranca-tipo-paraquedista-com-2-pontos-de-ancoragem-vic-27113-1024x878-1-1024x878.jpg \"Cinturão tipo paraquedista com 2 pontos de ancoragem CA 35614\")\n\n**Benefícios**\n\n* ![](https://www.vicsa.com.br/wp-content/uploads/2017/12/beneficio-aprovado-vicsa.png)2 pontos de ancoragem (dorsal e frontal)\n* ![](https://www.vicsa.com.br/wp-content/uploads/2017/12/beneficio-aprovado-vicsa.png)Partes metálicas com tratamento contra oxidação\n* ![](https://www.vicsa.com.br/wp-content/uploads/2017/12/beneficio-aprovado-vicsa.png)Alças nos ombros para resgate e movimentação em espaços confinados\n* ![](https://www.vicsa.com.br/wp-content/uploads/2017/12/beneficio-aprovado-vicsa.png)Tamanho ajustável com regulagem total\n* ![](https://www.vicsa.com.br/wp-content/uploads/2017/12/beneficio-aprovado-vicsa.png)Indicador de queda\n* ![](https://www.vicsa.com.br/wp-content/uploads/2017/12/beneficio-aprovado-vicsa.png)QR code para sistema de inspeção através do app MOB INSPEÇÃO\n\n**Descrição**\n\nCinturão de segurança tipo paraquedista confeccionado em fita primária e secundária de poliéster de 45 mm, 2 pontos de ancoragem (dorsal e frontal) e fivelas em aço com tratamento contra oxidação para regulagem. Indicador de queda e QR code para sistema de inspeção através do app MOB INSPEÇÃO.\n\n**Aplicações**\n\n* ![](https://www.vicsa.com.br/wp-content/uploads/2017/12/beneficio-aprovado-vicsa.png)Deslocamento e restrição pela ancoragem da argola dorsal\n* ![](https://www.vicsa.com.br/wp-content/uploads/2017/12/beneficio-aprovado-vicsa.png)Movimentação em espaços confinados e escadas do tipo marinheiro\n\n\n\n#### Talabarte em Y com absorvedor de energia e comprimento de 1,50 m\n\n![](https://www.vicsa.com.br/wp-content/uploads/2018/01/talabarte-seguranca-vic-23607-1024x878.jpg \"Talabarte em Y com absorvedor de energia e comprimento de 1,50 m\")\n\n**Benefícios**\n\n* ![](https://www.vicsa.com.br/wp-content/uploads/2017/12/beneficio-aprovado-vicsa.png)Capacidade de carga até o limite de 128 kg (incluindo vestimentas, cinturão, ferramentas e equipamentos transportados junto ao corpo)\n* ![](https://www.vicsa.com.br/wp-content/uploads/2017/12/beneficio-aprovado-vicsa.png)QR code para sistema de inspeção através do app MOB INSPEÇÃO\n\n**Descrição**\n\n[Talabarte](https://www.vicsa.com.br/produtos/equipamentos-de-altura-epi/talabartes-de-seguranca/) de segurança duplo em Y com absorvedor de energia, confeccionado em fita de poliéster tubular de 25 mm com elástico, possui 1 conector classe T em aço com abertura de 20 mm e 2 conectores classe A em alumínio com abertura de 110 mm. Comprimento de 1,50 m.\n\n**Aplicações**\n\n* ![](https://www.vicsa.com.br/wp-content/uploads/2017/12/beneficio-aprovado-vicsa.png)Retenção de quedas com absorção de impacto\n* ![](https://www.vicsa.com.br/wp-content/uploads/2017/12/beneficio-aprovado-vicsa.png)Movimentação e deslocamento do trabalhador em atividades de trabalho em altura\n\n\n\n#### Talabarte de posicionamento ajustável em corda de poliamida\n\n![](https://www.vicsa.com.br/wp-content/uploads/2017/10/talabarte-de-posicionamento-ajustavel-vic-21226-1024x878.jpg \"Talabarte de posicionamento ajustável em corda de poliamida\")\n\n**Benefícios**\n\n* ![](https://www.vicsa.com.br/wp-content/uploads/2017/12/beneficio-aprovado-vicsa.png)QR code para sistema de inspeção através do app MOB INSPEÇÃO\n* ![](https://www.vicsa.com.br/wp-content/uploads/2017/12/beneficio-aprovado-vicsa.png)Protetor de corda em material sintético de alta resistência com fechamento em velcro que permite e facilita à sua reposição\n\n**Descrição**\n\n[Talabarte](https://www.vicsa.com.br/produtos/equipamentos-de-altura-epi/talabartes-de-seguranca/) de posicionamento/restrição ajustável, confeccionado em corda de poliamida de 16 mm, possui 1 conector classe T em aço com abertura de 20 mm e 1 conector em aço com abertura de 20 mm. Comprimento de 0,90 a 1,80 m.\n\n**Aplicações**\n\n* ![](https://www.vicsa.com.br/wp-content/uploads/2017/12/beneficio-aprovado-vicsa.png)Atividades nas quais se necessita trabalhar posicionado ou para restringir os movimentos do trabalhador\n\n\n\n#### Talabarte de posicionamento ajustável em fita de poliéster\n\n![](https://www.vicsa.com.br/wp-content/uploads/vic-21110-site.jpg \"Talabarte de posicionamento ajustável em fita de poliéster\")\n\n**Benefícios**\n\n* ![](https://www.vicsa.com.br/wp-content/uploads/2017/12/beneficio-aprovado-vicsa.png)QR code para sistema de inspeção através do app MOB INSPEÇÃO\n\n**Descrição**\n\n[Talabarte](https://www.vicsa.com.br/produtos/equipamentos-de-altura-epi/talabartes-de-seguranca/) de posicionamento/restrição em fita de poliéster de 25 mm, possui 2 conectores classe T em aço com abertura de 20 mm e anel de regulagem em aço. Comprimento regulável de 0,90 a 1,80 m.\n\n**Aplicações**\n\n* ![](https://www.vicsa.com.br/wp-content/uploads/2017/12/beneficio-aprovado-vicsa.png)Atividades nas quais se necessita trabalhar posicionado ou para restringir os movimentos do trabalhador\n\n\n\n#### Trava quedas\n\n![](https://www.vicsa.com.br/wp-content/uploads/2017/12/trava-quedas-retratil-em-fita-de-6-metros-vic-291811.png \"Trava quedas retrátil com caixa em ABS e fita de 15 m\")\n\nO Trava quedas é indicado para trabalhos em altura como fachadas de prédio, andaimes e telhados.\n\n**A﻿lém dos trava quedas dipomos de vários acessórios para trabalho em altura como:**\n\n* **T﻿abarte para ferramentas;**\n* **M﻿osquetões;**\n* **F﻿ita anti trauma de suspenção; e**\n* **M﻿uitos outros itens.**"
}