{
  "assetsByChunkName": {
    "vendors~app-account~app-confirmation~app-order": "chunk.cf229cc863565a7c91f2.js",
    "vendors~app-account~app-checkout": "chunk.25183551f87c8c9d1f41.js",
    "vendors~app-cart~app-checkout": "chunk.7d539106409b40f9607b.js",
    "admin": [
      "admin.800d3f38759802b2fab6.js",
      "admin.800d3f38759802b2fab6.js.map"
    ],
    "app-account": "chunk.8feeb3be3d37adcd6418.js",
    "app-checkout": "chunk.2c2ae76961d1622c8a0e.js",
    "app-confirmation": "chunk.43fa4bbe4a2566ff35d3.js",
    "checkout": [
      "checkout.6cb8d707e474d2e13e55.js",
      "checkout.6cb8d707e474d2e13e55.js.map"
    ],
    "storefront": [
      "storefront.77071c9bd6dc0180ce31.css",
      "storefront.db60b9dcda2aa3c53254.js",
      "storefront.77071c9bd6dc0180ce31.css.map",
      "storefront.db60b9dcda2aa3c53254.js.map"
    ],
    "vendors~app-cart": "chunk.25ffa304bae6b05b9578.js",
    "vendors~app-order": "chunk.97de752b72f7c747d0ac.js"
  }
}