{
  "description": {
    "title": "MÁXIMA",
    "text": "Somos a MÁXIMA, loja especializada em EPI e EPC - Equipamento de Proteção Individual, Coletiva e ferramentas em geral. Buscamos ofertar produtos de qualidade comprovada com segurança e agilidade."
  },
  "links_1": {
    "list_pages": true,
    "title": "Politicas de Trocas e Devoluções",
    "list": []
  },
  "links_2": {
    "list_categories": false,
    "title": "Categorias",
    "list": []
  },
  "contacts": {
    "title": "Contatos",
    "phone_wpp": true,
    "socials": true,
    "email": true,
    "address": true
  },
  "stamps": [
    {
      "src": "/img/uploads/ssl-safe.png",
      "alt": "Secure connection"
    }
  ],
  "payment_methods": {
    "bb": true,
    "visa": true,
    "boleto": true,
    "aura": true,
    "banrisul": true,
    "elo": true,
    "hipercard": true,
    "hsbc": true,
    "bradesco": true,
    "santander": false,
    "mastercard": true,
    "paypal": true,
    "citibank": true,
    "hiper": true,
    "diners": true,
    "mais": true,
    "pix": true,
    "amex": true,
    "itau": true
  },
  "credits": ""
}