{
  "marketing_stripe": {
    "text": "Super ofertas no ESQENTA BLACK FRIDAY em até 30% no Pix ou boleto.",
    "link": "",
    "background": "#050505",
    "color": "#ffd525"
  },
  "contacts_stripe": {
    "pages": [
      {
        "title": "Nosso Portfólio",
        "link": "https://maximaepis.com.br/blog"
      }
    ],
    "phone_wpp": true,
    "socials": true
  },
  "categories_list": {
    "featured": [],
    "random": 0,
    "full_width": false
  },
  "desktop_megamenu": false,
  "search_input": true,
  "alphabetical_order_submenu": false,
  "full_width_submenu": false,
  "popup": "/img/uploads/pop-up.png"
}