{
  "meta_title": "Máxima epi",
  "meta_description": "loja de epi e epc",
  "sections": [
    {
      "type": "banner-slider",
      "autoplay": 10000,
      "full_width": true,
      "slides": [
        {
          "start": "",
          "end": "",
          "img": "/img/uploads/2927-banners-site-junho-2022.gif"
        },
        {
          "start": "",
          "end": "",
          "img": "/img/uploads/2927-banners-site-junho-2022-1-.gif"
        },
        {
          "start": "",
          "end": "",
          "img": "/img/uploads/2927-banners-site-junho-2022-2-.gif"
        },
        {
          "start": "",
          "end": "",
          "img": "/img/uploads/banners-site-junho-2022-3-.gif"
        },
        {
          "start": "",
          "end": "",
          "img": "/img/uploads/banner-inicial_2.png"
        }
      ]
    },
    {
      "type": "dynamic-showcase",
      "load_more": true,
      "sort": "offers"
    },
    {
      "type": "info-bar",
      "enabled": true
    },
    {
      "type": "brands-carousel",
      "limit": 24,
      "offset": 0
    }
  ]
}